 Total BT,Fat,Gland,ln(MPV/mAs),
70,70,0,0.937591289,T = 70 mm
70,35,35,-0.6164235647,
70,0,70,-1.6825279008,
